,Neighborhood,Year,Assessed Land Value,Pct Change,Region Type,Data Type,Yearly Rent Price,City,Lat,Lng
0,Bayview,2011,175691.80613333333,0,neighborhood,All Homes,30723,San Francisco,37.730416,-122.384424
1,Bayview,2012,177818.91446666667,0,neighborhood,All Homes,28821,San Francisco,37.730416,-122.384424
2,Bayview,2013,182203.74140000003,0,neighborhood,All Homes,30433,San Francisco,37.730416,-122.384424
3,Bayview,2014,185691.45136666668,0,neighborhood,All Homes,35338,San Francisco,37.730416,-122.384424
4,Bayview,2015,198571.0392333333,0,neighborhood,All Homes,42870,San Francisco,37.730416,-122.384424
5,Bayview,2016,223100.1971333333,0,neighborhood,All Homes,45681,San Francisco,37.730416,-122.384424
6,Bernal Heights,2011,228865.7828,0,neighborhood,All Homes,34471,San Francisco,37.738949600000005,-122.4152013
7,Bernal Heights,2012,241607.1984,0,neighborhood,All Homes,35739,San Francisco,37.738949600000005,-122.4152013
8,Bernal Heights,2013,252609.8593,0,neighborhood,All Homes,38924,San Francisco,37.738949600000005,-122.4152013
9,Bernal Heights,2014,270243.4228,0,neighborhood,All Homes,43654,San Francisco,37.738949600000005,-122.4152013
10,Bernal Heights,2015,292751.0199,0,neighborhood,All Homes,53977,San Francisco,37.738949600000005,-122.4152013
11,Bernal Heights,2016,324871.4457,0,neighborhood,All Homes,54833,San Francisco,37.738949600000005,-122.4152013
12,Buena Vista,2011,422857.4194,0,neighborhood,All Homes,42407,San Francisco,37.806504499999996,-122.42077830000001
13,Buena Vista,2012,443629.3065,0,neighborhood,All Homes,45678,San Francisco,37.806504499999996,-122.42077830000001
14,Buena Vista,2013,474521.2771,0,neighborhood,All Homes,49364,San Francisco,37.806504499999996,-122.42077830000001
15,Buena Vista,2014,497350.7677,0,neighborhood,All Homes,53889,San Francisco,37.806504499999996,-122.42077830000001
16,Buena Vista,2015,524772.2003,0,neighborhood,All Homes,61646,San Francisco,37.806504499999996,-122.42077830000001
17,Buena Vista,2016,564796.0802,0,neighborhood,All Homes,65690,San Francisco,37.806504499999996,-122.42077830000001
18,Corona Heights,2011,342979.0504,0,neighborhood,All Homes,41051,San Francisco,37.7618119,-122.44318510000001
19,Corona Heights,2012,364459.8624,0,neighborhood,All Homes,44269,San Francisco,37.7618119,-122.44318510000001
20,Corona Heights,2013,379856.64700000006,0,neighborhood,All Homes,48263,San Francisco,37.7618119,-122.44318510000001
21,Corona Heights,2014,403671.1237,0,neighborhood,All Homes,52768,San Francisco,37.7618119,-122.44318510000001
22,Corona Heights,2015,424334.1375,0,neighborhood,All Homes,61781,San Francisco,37.7618119,-122.44318510000001
23,Corona Heights,2016,449347.9195,0,neighborhood,All Homes,64072,San Francisco,37.7618119,-122.44318510000001
24,Cow Hollow,2011,518223.2559,0,neighborhood,All Homes,52856,San Francisco,37.798033000000004,-122.43964629999999
25,Cow Hollow,2012,560901.8324,0,neighborhood,All Homes,52816,San Francisco,37.798033000000004,-122.43964629999999
26,Cow Hollow,2013,598064.8395,0,neighborhood,All Homes,56455,San Francisco,37.798033000000004,-122.43964629999999
27,Cow Hollow,2014,627728.7409,0,neighborhood,All Homes,62256,San Francisco,37.798033000000004,-122.43964629999999
28,Cow Hollow,2015,664017.4209,0,neighborhood,All Homes,75947,San Francisco,37.798033000000004,-122.43964629999999
29,Cow Hollow,2016,717956.3122,0,neighborhood,All Homes,78557,San Francisco,37.798033000000004,-122.43964629999999
30,Crocker Amazon,2011,168466.0769,0,neighborhood,All Homes,31133,San Francisco,37.71195230000001,-122.4375836
31,Crocker Amazon,2012,171720.4231,0,neighborhood,All Homes,29851,San Francisco,37.71195230000001,-122.4375836
32,Crocker Amazon,2013,182032.9431,0,neighborhood,All Homes,32700,San Francisco,37.71195230000001,-122.4375836
33,Crocker Amazon,2014,193343.0875,0,neighborhood,All Homes,35965,San Francisco,37.71195230000001,-122.4375836
34,Crocker Amazon,2015,207129.0169,0,neighborhood,All Homes,42999,San Francisco,37.71195230000001,-122.4375836
35,Crocker Amazon,2016,221071.2699,0,neighborhood,All Homes,46775,San Francisco,37.71195230000001,-122.4375836
36,Diamond Heights,2011,232622.3333,0,neighborhood,All Homes,36285,San Francisco,37.7423723,-122.44247730000001
37,Diamond Heights,2012,238336.7968,0,neighborhood,All Homes,37187,San Francisco,37.7423723,-122.44247730000001
38,Diamond Heights,2013,248897.2079,0,neighborhood,All Homes,40827,San Francisco,37.7423723,-122.44247730000001
39,Diamond Heights,2014,262487.8452,0,neighborhood,All Homes,45496,San Francisco,37.7423723,-122.44247730000001
40,Diamond Heights,2015,296746.0551,0,neighborhood,All Homes,52941,San Francisco,37.7423723,-122.44247730000001
41,Diamond Heights,2016,313987.9263,0,neighborhood,All Homes,54683,San Francisco,37.7423723,-122.44247730000001
42,Downtown,2011,401076.447425,0,neighborhood,All Homes,30867,San Francisco,37.7945742,-122.3999445
43,Downtown,2012,416183.278725,0,neighborhood,All Homes,32413,San Francisco,37.7945742,-122.3999445
44,Downtown,2013,441656.006875,0,neighborhood,All Homes,37094,San Francisco,37.7945742,-122.3999445
45,Downtown,2014,462918.2822,0,neighborhood,All Homes,41836,San Francisco,37.7945742,-122.3999445
46,Downtown,2015,487457.03955,0,neighborhood,All Homes,45888,San Francisco,37.7945742,-122.3999445
47,Downtown,2016,517213.298475,0,neighborhood,All Homes,48147,San Francisco,37.7945742,-122.3999445
48,Excelsior,2011,304959.6881,0,neighborhood,All Homes,31277,San Francisco,37.7244152,-122.4272295
49,Excelsior,2012,311864.5962,0,neighborhood,All Homes,29939,San Francisco,37.7244152,-122.4272295
50,Excelsior,2013,325834.76075,0,neighborhood,All Homes,32073,San Francisco,37.7244152,-122.4272295
51,Excelsior,2014,346690.53435,0,neighborhood,All Homes,36329,San Francisco,37.7244152,-122.4272295
52,Excelsior,2015,367263.28485000005,0,neighborhood,All Homes,43399,San Francisco,37.7244152,-122.4272295
53,Excelsior,2016,395879.2553,0,neighborhood,All Homes,47102,San Francisco,37.7244152,-122.4272295
54,Financial District,2011,2418137.019,0,neighborhood,All Homes,50749,San Francisco,37.7945742,-122.3999445
55,Financial District,2012,2480934.516,0,neighborhood,All Homes,49586,San Francisco,37.7945742,-122.3999445
56,Financial District,2013,2553681.3795000003,0,neighborhood,All Homes,56336,San Francisco,37.7945742,-122.3999445
57,Financial District,2014,2676867.4255,0,neighborhood,All Homes,59751,San Francisco,37.7945742,-122.3999445
58,Financial District,2015,2682548.7,0,neighborhood,All Homes,75575,San Francisco,37.7945742,-122.3999445
59,Financial District,2016,2904879.4400000004,0,neighborhood,All Homes,73448,San Francisco,37.7945742,-122.3999445
60,Forest Hill,2011,336783.29365,0,neighborhood,All Homes,48312,San Francisco,37.7473152,-122.46512320000001
61,Forest Hill,2012,353958.0553,0,neighborhood,All Homes,46451,San Francisco,37.7473152,-122.46512320000001
62,Forest Hill,2013,365858.86985,0,neighborhood,All Homes,52137,San Francisco,37.7473152,-122.46512320000001
63,Forest Hill,2014,405980.4642000001,0,neighborhood,All Homes,55429,San Francisco,37.7473152,-122.46512320000001
64,Forest Hill,2015,432492.5063,0,neighborhood,All Homes,67766,San Francisco,37.7473152,-122.46512320000001
65,Forest Hill,2016,464450.8924,0,neighborhood,All Homes,72182,San Francisco,37.7473152,-122.46512320000001
66,Forest Knolls,2011,333460.0551,0,neighborhood,All Homes,37977,San Francisco,37.75858789999999,-122.4594622
67,Forest Knolls,2012,352654.7662,0,neighborhood,All Homes,40084,San Francisco,37.75858789999999,-122.4594622
68,Forest Knolls,2013,368382.4049,0,neighborhood,All Homes,40165,San Francisco,37.75858789999999,-122.4594622
69,Forest Knolls,2014,386308.2738,0,neighborhood,All Homes,47934,San Francisco,37.75858789999999,-122.4594622
70,Forest Knolls,2015,436464.947,0,neighborhood,All Homes,61497,San Francisco,37.75858789999999,-122.4594622
71,Forest Knolls,2016,458681.983,0,neighborhood,All Homes,61292,San Francisco,37.75858789999999,-122.4594622
72,Glen Park,2011,278990.8786,0,neighborhood,All Homes,39661,San Francisco,37.73777150000001,-122.4321041
73,Glen Park,2012,293963.951,0,neighborhood,All Homes,38692,San Francisco,37.73777150000001,-122.4321041
74,Glen Park,2013,306351.1534,0,neighborhood,All Homes,40460,San Francisco,37.73777150000001,-122.4321041
75,Glen Park,2014,325954.5017,0,neighborhood,All Homes,46253,San Francisco,37.73777150000001,-122.4321041
76,Glen Park,2015,356082.1638,0,neighborhood,All Homes,58964,San Francisco,37.73777150000001,-122.4321041
77,Glen Park,2016,384803.5299,0,neighborhood,All Homes,61949,San Francisco,37.73777150000001,-122.4321041
78,Golden Gate Heights,2011,254303.9838,0,neighborhood,All Homes,41205,San Francisco,37.7527187,-122.47078390000001
79,Golden Gate Heights,2012,265229.5062,0,neighborhood,All Homes,39673,San Francisco,37.7527187,-122.47078390000001
80,Golden Gate Heights,2013,277620.4677,0,neighborhood,All Homes,41132,San Francisco,37.7527187,-122.47078390000001
81,Golden Gate Heights,2014,299835.4945,0,neighborhood,All Homes,47530,San Francisco,37.7527187,-122.47078390000001
82,Golden Gate Heights,2015,317901.8786,0,neighborhood,All Homes,56869,San Francisco,37.7527187,-122.47078390000001
83,Golden Gate Heights,2016,341101.3004,0,neighborhood,All Homes,62153,San Francisco,37.7527187,-122.47078390000001
84,Haight,2011,349530.7092,0,neighborhood,All Homes,40705,San Francisco,37.769220399999995,-122.4481393
85,Haight,2012,364659.515,0,neighborhood,All Homes,43470,San Francisco,37.769220399999995,-122.4481393
86,Haight,2013,381530.1707,0,neighborhood,All Homes,46185,San Francisco,37.769220399999995,-122.4481393
87,Haight,2014,392435.2274,0,neighborhood,All Homes,51620,San Francisco,37.769220399999995,-122.4481393
88,Haight,2015,412984.5051,0,neighborhood,All Homes,59076,San Francisco,37.769220399999995,-122.4481393
89,Haight,2016,440229.3614,0,neighborhood,All Homes,61462,San Francisco,37.769220399999995,-122.4481393
90,Hayes Valley,2011,372836.3652,0,neighborhood,All Homes,37659,San Francisco,37.7759073,-122.42452469999999
91,Hayes Valley,2012,393870.3295,0,neighborhood,All Homes,42695,San Francisco,37.7759073,-122.42452469999999
92,Hayes Valley,2013,407516.0491,0,neighborhood,All Homes,45522,San Francisco,37.7759073,-122.42452469999999
93,Hayes Valley,2014,379618.8083,0,neighborhood,All Homes,50234,San Francisco,37.7759073,-122.42452469999999
94,Hayes Valley,2015,449677.9712,0,neighborhood,All Homes,57185,San Francisco,37.7759073,-122.42452469999999
95,Hayes Valley,2016,471214.6869,0,neighborhood,All Homes,57397,San Francisco,37.7759073,-122.42452469999999
96,Ingleside,2011,239158.2667333333,0,neighborhood,All Homes,30815,San Francisco,37.7198213,-122.4538009
97,Ingleside,2012,248713.31630000003,0,neighborhood,All Homes,30007,San Francisco,37.7198213,-122.4538009
98,Ingleside,2013,252314.54823333336,0,neighborhood,All Homes,32206,San Francisco,37.7198213,-122.4538009
99,Ingleside,2014,273572.54366666666,0,neighborhood,All Homes,36867,San Francisco,37.7198213,-122.4538009
100,Ingleside,2015,292443.7447333333,0,neighborhood,All Homes,44021,San Francisco,37.7198213,-122.4538009
101,Ingleside,2016,312330.7976333333,0,neighborhood,All Homes,47426,San Francisco,37.7198213,-122.4538009
102,Ingleside Heights,2011,163219.4491,0,neighborhood,All Homes,29344,San Francisco,37.7130811,-122.46795359999999
103,Ingleside Heights,2012,177093.0141,0,neighborhood,All Homes,29281,San Francisco,37.7130811,-122.46795359999999
104,Ingleside Heights,2013,178849.6583,0,neighborhood,All Homes,30830,San Francisco,37.7130811,-122.46795359999999
105,Ingleside Heights,2014,201744.6323,0,neighborhood,All Homes,35377,San Francisco,37.7130811,-122.46795359999999
106,Ingleside Heights,2015,215651.0776,0,neighborhood,All Homes,42041,San Francisco,37.7130811,-122.46795359999999
107,Ingleside Heights,2016,224515.8526,0,neighborhood,All Homes,44217,San Francisco,37.7130811,-122.46795359999999
108,Ingleside Terrace,2011,275703.4462,0,neighborhood,All Homes,42007,San Francisco,37.7198213,-122.4538009
109,Ingleside Terrace,2012,285441.2513,0,neighborhood,All Homes,39465,San Francisco,37.7198213,-122.4538009
110,Ingleside Terrace,2013,299835.2011,0,neighborhood,All Homes,40905,San Francisco,37.7198213,-122.4538009
111,Ingleside Terrace,2014,326934.7708,0,neighborhood,All Homes,48414,San Francisco,37.7198213,-122.4538009
112,Ingleside Terrace,2015,351266.2936,0,neighborhood,All Homes,59744,San Francisco,37.7198213,-122.4538009
113,Ingleside Terrace,2016,384685.4303,0,neighborhood,All Homes,64533,San Francisco,37.7198213,-122.4538009
114,Inner Richmond,2011,315388.5407,0,neighborhood,All Homes,42140,San Francisco,37.7798704,-122.46474579999999
115,Inner Richmond,2012,329123.8744,0,neighborhood,All Homes,42804,San Francisco,37.7798704,-122.46474579999999
116,Inner Richmond,2013,341393.6116,0,neighborhood,All Homes,46078,San Francisco,37.7798704,-122.46474579999999
117,Inner Richmond,2014,354023.499,0,neighborhood,All Homes,54086,San Francisco,37.7798704,-122.46474579999999
118,Inner Richmond,2015,377333.1462,0,neighborhood,All Homes,64403,San Francisco,37.7798704,-122.46474579999999
119,Inner Richmond,2016,400669.6681,0,neighborhood,All Homes,67152,San Francisco,37.7798704,-122.46474579999999
120,Inner Sunset,2011,349438.7811,0,neighborhood,All Homes,38809,San Francisco,37.7607369,-122.46795359999999
121,Inner Sunset,2012,370779.07830000005,0,neighborhood,All Homes,38314,San Francisco,37.7607369,-122.46795359999999
122,Inner Sunset,2013,388277.15445,0,neighborhood,All Homes,39644,San Francisco,37.7607369,-122.46795359999999
123,Inner Sunset,2014,406087.96985,0,neighborhood,All Homes,46726,San Francisco,37.7607369,-122.46795359999999
124,Inner Sunset,2015,425286.38645,0,neighborhood,All Homes,54878,San Francisco,37.7607369,-122.46795359999999
125,Inner Sunset,2016,450503.3374,0,neighborhood,All Homes,58611,San Francisco,37.7607369,-122.46795359999999
126,Lake,2011,407700.7178,0,neighborhood,All Homes,53120,San Francisco,37.7226724,-122.4948384
127,Lake,2012,422759.6655,0,neighborhood,All Homes,50271,San Francisco,37.7226724,-122.4948384
128,Lake,2013,438877.499,0,neighborhood,All Homes,55084,San Francisco,37.7226724,-122.4948384
129,Lake,2014,464123.5151,0,neighborhood,All Homes,64645,San Francisco,37.7226724,-122.4948384
130,Lake,2015,492922.7314,0,neighborhood,All Homes,77554,San Francisco,37.7226724,-122.4948384
131,Lake,2016,525258.7667,0,neighborhood,All Homes,80636,San Francisco,37.7226724,-122.4948384
132,Lakeshore,2012,336250.244,0,neighborhood,All Homes,34822,San Francisco,37.7233167,-122.4886792
133,Lakeshore,2013,344243.1678,0,neighborhood,All Homes,37181,San Francisco,37.7233167,-122.4886792
134,Lakeshore,2014,358644.4914,0,neighborhood,All Homes,42678,San Francisco,37.7233167,-122.4886792
135,Lakeshore,2015,383652.2731,0,neighborhood,All Homes,49551,San Francisco,37.7233167,-122.4886792
136,Lakeshore,2016,405115.5616,0,neighborhood,All Homes,54499,San Francisco,37.7233167,-122.4886792
137,Laurel Heights,2011,454561.2622,0,neighborhood,All Homes,53096,San Francisco,37.7850214,-122.45097009999999
138,Laurel Heights,2012,395073.1498,0,neighborhood,All Homes,52995,San Francisco,37.7850214,-122.45097009999999
139,Laurel Heights,2013,412894.10645,0,neighborhood,All Homes,58366,San Francisco,37.7850214,-122.45097009999999
140,Laurel Heights,2014,430869.3397,0,neighborhood,All Homes,65464,San Francisco,37.7850214,-122.45097009999999
141,Laurel Heights,2015,458439.30045,0,neighborhood,All Homes,83258,San Francisco,37.7850214,-122.45097009999999
142,Laurel Heights,2016,487080.05315,0,neighborhood,All Homes,86230,San Francisco,37.7850214,-122.45097009999999
143,Lone Mountain,2011,294906.8282,0,neighborhood,All Homes,40284,San Francisco,37.7938181,-122.4644162
144,Lone Mountain,2012,302922.1563,0,neighborhood,All Homes,42581,San Francisco,37.7938181,-122.4644162
145,Lone Mountain,2013,316340.9248,0,neighborhood,All Homes,45762,San Francisco,37.7938181,-122.4644162
146,Lone Mountain,2014,329790.6164,0,neighborhood,All Homes,50898,San Francisco,37.7938181,-122.4644162
147,Lone Mountain,2015,357248.3026,0,neighborhood,All Homes,59236,San Francisco,37.7938181,-122.4644162
148,Lone Mountain,2016,382272.3672,0,neighborhood,All Homes,63177,San Francisco,37.7938181,-122.4644162
149,Lower Pacific Heights,2011,363644.6572,0,neighborhood,All Homes,35917,San Francisco,37.786997,-122.43681509999999
150,Lower Pacific Heights,2012,387242.3637,0,neighborhood,All Homes,39761,San Francisco,37.786997,-122.43681509999999
151,Lower Pacific Heights,2013,405723.4927,0,neighborhood,All Homes,43776,San Francisco,37.786997,-122.43681509999999
152,Lower Pacific Heights,2014,432758.5834,0,neighborhood,All Homes,48677,San Francisco,37.786997,-122.43681509999999
153,Lower Pacific Heights,2015,464476.0389,0,neighborhood,All Homes,56145,San Francisco,37.786997,-122.43681509999999
154,Lower Pacific Heights,2016,467876.8123,0,neighborhood,All Homes,54229,San Francisco,37.786997,-122.43681509999999
155,Marina,2011,522087.5285,0,neighborhood,All Homes,51035,San Francisco,37.8036667,-122.43681509999999
156,Marina,2012,551994.8401,0,neighborhood,All Homes,52040,San Francisco,37.8036667,-122.43681509999999
157,Marina,2013,575636.1819,0,neighborhood,All Homes,58240,San Francisco,37.8036667,-122.43681509999999
158,Marina,2014,605052.6869,0,neighborhood,All Homes,63926,San Francisco,37.8036667,-122.43681509999999
159,Marina,2015,646166.9172,0,neighborhood,All Homes,77660,San Francisco,37.8036667,-122.43681509999999
160,Marina,2016,682746.053,0,neighborhood,All Homes,79339,San Francisco,37.8036667,-122.43681509999999
161,Midtown Terrace,2011,233368.422,0,neighborhood,All Homes,35627,San Francisco,37.75080139999999,-122.4538009
162,Midtown Terrace,2012,244991.5694,0,neighborhood,All Homes,37669,San Francisco,37.75080139999999,-122.4538009
163,Midtown Terrace,2013,258931.2434,0,neighborhood,All Homes,39682,San Francisco,37.75080139999999,-122.4538009
164,Midtown Terrace,2014,264509.4301,0,neighborhood,All Homes,44805,San Francisco,37.75080139999999,-122.4538009
165,Midtown Terrace,2015,281078.9744,0,neighborhood,All Homes,52528,San Francisco,37.75080139999999,-122.4538009
166,Midtown Terrace,2016,301071.0631,0,neighborhood,All Homes,53875,San Francisco,37.75080139999999,-122.4538009
167,Miraloma Park,2011,255138.5987,0,neighborhood,All Homes,37254,San Francisco,37.7403241,-122.44477749999999
168,Miraloma Park,2012,266743.2154,0,neighborhood,All Homes,36974,San Francisco,37.7403241,-122.44477749999999
169,Miraloma Park,2013,277421.585,0,neighborhood,All Homes,38700,San Francisco,37.7403241,-122.44477749999999
170,Miraloma Park,2014,289635.1118,0,neighborhood,All Homes,44368,San Francisco,37.7403241,-122.44477749999999
171,Miraloma Park,2015,310667.5038,0,neighborhood,All Homes,52094,San Francisco,37.7403241,-122.44477749999999
172,Miraloma Park,2016,340174.7562,0,neighborhood,All Homes,54622,San Francisco,37.7403241,-122.44477749999999
173,Mission,2011,316128.3238,0,neighborhood,All Homes,36022,San Francisco,37.759864799999995,-122.4147977
174,Mission,2012,335303.00639999995,0,neighborhood,All Homes,40006,San Francisco,37.759864799999995,-122.4147977
175,Mission,2013,350458.90135,0,neighborhood,All Homes,43726,San Francisco,37.759864799999995,-122.4147977
176,Mission,2014,359166.8313,0,neighborhood,All Homes,48227,San Francisco,37.759864799999995,-122.4147977
177,Mission,2015,371507.45055,0,neighborhood,All Homes,56321,San Francisco,37.759864799999995,-122.4147977
178,Mission,2016,410590.10785,0,neighborhood,All Homes,55704,San Francisco,37.759864799999995,-122.4147977
179,Mission Bay,2011,604300.2493,0,neighborhood,All Homes,40279,San Francisco,37.7730963,-122.39292250000001
180,Mission Bay,2012,674416.1809,0,neighborhood,All Homes,43564,San Francisco,37.7730963,-122.39292250000001
181,Mission Bay,2013,699480.2239,0,neighborhood,All Homes,50659,San Francisco,37.7730963,-122.39292250000001
182,Mission Bay,2014,715110.8371,0,neighborhood,All Homes,54253,San Francisco,37.7730963,-122.39292250000001
183,Mission Bay,2015,721135.3245,0,neighborhood,All Homes,61977,San Francisco,37.7730963,-122.39292250000001
184,Mission Bay,2016,787160.1115,0,neighborhood,All Homes,61331,San Francisco,37.7730963,-122.39292250000001
185,Mission Terrace,2011,188918.267,0,neighborhood,All Homes,32045,San Francisco,37.7245693,-122.44335729999999
186,Mission Terrace,2012,199253.6315,0,neighborhood,All Homes,31446,San Francisco,37.7245693,-122.44335729999999
187,Mission Terrace,2013,202730.811,0,neighborhood,All Homes,33452,San Francisco,37.7245693,-122.44335729999999
188,Mission Terrace,2014,214961.8658,0,neighborhood,All Homes,37844,San Francisco,37.7245693,-122.44335729999999
189,Mission Terrace,2015,228188.0636,0,neighborhood,All Homes,46263,San Francisco,37.7245693,-122.44335729999999
190,Mission Terrace,2016,245679.0981,0,neighborhood,All Homes,50034,San Francisco,37.7245693,-122.44335729999999
191,Mount Davidson Manor,2011,269055.2947,0,neighborhood,All Homes,36736,San Francisco,37.7283105,-122.4630004
192,Mount Davidson Manor,2012,277229.4342,0,neighborhood,All Homes,36010,San Francisco,37.7283105,-122.4630004
193,Mount Davidson Manor,2013,287712.9671,0,neighborhood,All Homes,37598,San Francisco,37.7283105,-122.4630004
194,Mount Davidson Manor,2014,310353.1152,0,neighborhood,All Homes,44049,San Francisco,37.7283105,-122.4630004
195,Mount Davidson Manor,2015,328636.8571,0,neighborhood,All Homes,53196,San Francisco,37.7283105,-122.4630004
196,Mount Davidson Manor,2016,347610.4728,0,neighborhood,All Homes,56955,San Francisco,37.7283105,-122.4630004
197,Nob Hill,2011,435408.8353,0,neighborhood,All Homes,42413,San Francisco,37.793014,-122.416113
198,Nob Hill,2012,466587.2904,0,neighborhood,All Homes,44622,San Francisco,37.793014,-122.416113
199,Nob Hill,2013,492819.943,0,neighborhood,All Homes,48324,San Francisco,37.793014,-122.416113
200,Nob Hill,2014,487947.6774,0,neighborhood,All Homes,51749,San Francisco,37.793014,-122.416113
201,Nob Hill,2015,546256.2334,0,neighborhood,All Homes,62760,San Francisco,37.793014,-122.416113
202,Nob Hill,2016,586126.2838,0,neighborhood,All Homes,64219,San Francisco,37.793014,-122.416113
203,Noe Valley,2011,364676.2066,0,neighborhood,All Homes,44162,San Francisco,37.750237799999994,-122.43370290000001
204,Noe Valley,2012,384978.464,0,neighborhood,All Homes,44754,San Francisco,37.750237799999994,-122.43370290000001
205,Noe Valley,2013,408274.7054,0,neighborhood,All Homes,49995,San Francisco,37.750237799999994,-122.43370290000001
206,Noe Valley,2014,426430.8592,0,neighborhood,All Homes,53547,San Francisco,37.750237799999994,-122.43370290000001
207,Noe Valley,2015,459559.7818,0,neighborhood,All Homes,64871,San Francisco,37.750237799999994,-122.43370290000001
208,Noe Valley,2016,498960.2468,0,neighborhood,All Homes,67293,San Francisco,37.750237799999994,-122.43370290000001
209,North Beach,2011,352989.8129,0,neighborhood,All Homes,37995,San Francisco,37.8060532,-122.4103311
210,North Beach,2012,375693.3614,0,neighborhood,All Homes,41975,San Francisco,37.8060532,-122.4103311
211,North Beach,2013,406872.9404,0,neighborhood,All Homes,47594,San Francisco,37.8060532,-122.4103311
212,North Beach,2014,422114.1781,0,neighborhood,All Homes,49460,San Francisco,37.8060532,-122.4103311
213,North Beach,2015,446399.6728,0,neighborhood,All Homes,58693,San Francisco,37.8060532,-122.4103311
214,North Beach,2016,463071.9121,0,neighborhood,All Homes,57787,San Francisco,37.8060532,-122.4103311
215,North Waterfront,2011,867270.2109999999,0,neighborhood,All Homes,34702,San Francisco,37.80024829999999,-122.4011095
216,North Waterfront,2012,791237.8861,0,neighborhood,All Homes,38590,San Francisco,37.80024829999999,-122.4011095
217,North Waterfront,2013,840680.3658,0,neighborhood,All Homes,44866,San Francisco,37.80024829999999,-122.4011095
218,North Waterfront,2014,898735.4734,0,neighborhood,All Homes,45927,San Francisco,37.80024829999999,-122.4011095
219,North Waterfront,2015,953461.6494,0,neighborhood,All Homes,52775,San Francisco,37.80024829999999,-122.4011095
220,North Waterfront,2016,1007685.774,0,neighborhood,All Homes,53171,San Francisco,37.80024829999999,-122.4011095
221,Oceanview,2011,176591.4539,0,neighborhood,All Homes,30397,San Francisco,37.714182799999996,-122.4566316
222,Oceanview,2012,175341.3829,0,neighborhood,All Homes,29645,San Francisco,37.714182799999996,-122.4566316
223,Oceanview,2013,177657.8646,0,neighborhood,All Homes,31425,San Francisco,37.714182799999996,-122.4566316
224,Oceanview,2014,196400.3615,0,neighborhood,All Homes,36191,San Francisco,37.714182799999996,-122.4566316
225,Oceanview,2015,211261.2053,0,neighborhood,All Homes,42631,San Francisco,37.714182799999996,-122.4566316
226,Oceanview,2016,219116.4343,0,neighborhood,All Homes,46151,San Francisco,37.714182799999996,-122.4566316
227,Outer Mission,2011,174518.417,0,neighborhood,All Homes,30807,San Francisco,37.71567770000001,-122.44579109999998
228,Outer Mission,2012,168127.7792,0,neighborhood,All Homes,29746,San Francisco,37.71567770000001,-122.44579109999998
229,Outer Mission,2013,171285.4875,0,neighborhood,All Homes,32378,San Francisco,37.71567770000001,-122.44579109999998
230,Outer Mission,2014,181897.072,0,neighborhood,All Homes,35883,San Francisco,37.71567770000001,-122.44579109999998
231,Outer Mission,2015,196490.7482,0,neighborhood,All Homes,43435,San Francisco,37.71567770000001,-122.44579109999998
232,Outer Mission,2016,211233.8943,0,neighborhood,All Homes,46788,San Francisco,37.71567770000001,-122.44579109999998
233,Outer Richmond,2011,265739.575,0,neighborhood,All Homes,33598,San Francisco,37.777677000000004,-122.49531
234,Outer Richmond,2012,276446.7802,0,neighborhood,All Homes,35080,San Francisco,37.777677000000004,-122.49531
235,Outer Richmond,2013,287850.26245000004,0,neighborhood,All Homes,37893,San Francisco,37.777677000000004,-122.49531
236,Outer Richmond,2014,302303.6353,0,neighborhood,All Homes,44089,San Francisco,37.777677000000004,-122.49531
237,Outer Richmond,2015,321791.82555,0,neighborhood,All Homes,49632,San Francisco,37.777677000000004,-122.49531
238,Outer Richmond,2016,343627.0819,0,neighborhood,All Homes,53234,San Francisco,37.777677000000004,-122.49531
239,Outer Sunset,2011,240070.70383333327,0,neighborhood,All Homes,31582,San Francisco,37.7467314,-122.4863492
240,Outer Sunset,2012,251317.38556666663,0,neighborhood,All Homes,32118,San Francisco,37.7467314,-122.4863492
241,Outer Sunset,2013,257420.9566333333,0,neighborhood,All Homes,35341,San Francisco,37.7467314,-122.4863492
242,Outer Sunset,2014,270013.493,0,neighborhood,All Homes,40952,San Francisco,37.7467314,-122.4863492
243,Outer Sunset,2015,286838.03453333327,0,neighborhood,All Homes,46329,San Francisco,37.7467314,-122.4863492
244,Outer Sunset,2016,304274.83126666665,0,neighborhood,All Homes,49051,San Francisco,37.7467314,-122.4863492
245,Pacific Heights,2011,738431.5547,0,neighborhood,All Homes,52744,San Francisco,37.7925153,-122.4382307
246,Pacific Heights,2012,792592.6364,0,neighborhood,All Homes,52688,San Francisco,37.7925153,-122.4382307
247,Pacific Heights,2013,852976.2592,0,neighborhood,All Homes,55809,San Francisco,37.7925153,-122.4382307
248,Pacific Heights,2014,901497.2196,0,neighborhood,All Homes,60294,San Francisco,37.7925153,-122.4382307
249,Pacific Heights,2015,956476.8806,0,neighborhood,All Homes,76171,San Francisco,37.7925153,-122.4382307
250,Pacific Heights,2016,987893.5624,0,neighborhood,All Homes,77006,San Francisco,37.7925153,-122.4382307
251,Panhandle,2011,354035.7696,0,neighborhood,All Homes,37596,San Francisco,37.77243789999999,-122.44628529999999
252,Panhandle,2012,369119.6914,0,neighborhood,All Homes,42397,San Francisco,37.77243789999999,-122.44628529999999
253,Panhandle,2013,385701.7195,0,neighborhood,All Homes,44105,San Francisco,37.77243789999999,-122.44628529999999
254,Panhandle,2014,400093.4951,0,neighborhood,All Homes,49299,San Francisco,37.77243789999999,-122.44628529999999
255,Panhandle,2015,414896.4454,0,neighborhood,All Homes,56483,San Francisco,37.77243789999999,-122.44628529999999
256,Panhandle,2016,440789.0982,0,neighborhood,All Homes,57848,San Francisco,37.77243789999999,-122.44628529999999
257,Parkside,2011,224658.50536666668,0,neighborhood,All Homes,33088,San Francisco,37.733048,-122.4785669
258,Parkside,2012,258535.3925,0,neighborhood,All Homes,33713,San Francisco,37.733048,-122.4785669
259,Parkside,2013,264076.677825,0,neighborhood,All Homes,36523,San Francisco,37.733048,-122.4785669
260,Parkside,2014,282159.75955,0,neighborhood,All Homes,41617,San Francisco,37.733048,-122.4785669
261,Parkside,2015,303257.9124,0,neighborhood,All Homes,47293,San Francisco,37.733048,-122.4785669
262,Parkside,2016,318989.401325,0,neighborhood,All Homes,50989,San Francisco,37.733048,-122.4785669
263,Portola,2011,167100.0389,0,neighborhood,All Homes,31881,San Francisco,37.7297408,-122.4099154
264,Portola,2012,173653.9359,0,neighborhood,All Homes,30348,San Francisco,37.7297408,-122.4099154
265,Portola,2013,177071.8474,0,neighborhood,All Homes,32281,San Francisco,37.7297408,-122.4099154
266,Portola,2014,189498.6362,0,neighborhood,All Homes,36471,San Francisco,37.7297408,-122.4099154
267,Portola,2015,206163.9671,0,neighborhood,All Homes,44678,San Francisco,37.7297408,-122.4099154
268,Portola,2016,219848.7246,0,neighborhood,All Homes,48789,San Francisco,37.7297408,-122.4099154
269,Potrero Hill,2011,291831.764,0,neighborhood,All Homes,36907,San Francisco,37.7604929,-122.400869
270,Potrero Hill,2012,341400.1773,0,neighborhood,All Homes,39975,San Francisco,37.7604929,-122.400869
271,Potrero Hill,2013,361447.0793,0,neighborhood,All Homes,43740,San Francisco,37.7604929,-122.400869
272,Potrero Hill,2014,372428.4044,0,neighborhood,All Homes,48146,San Francisco,37.7604929,-122.400869
273,Potrero Hill,2015,428737.1551,0,neighborhood,All Homes,57273,San Francisco,37.7604929,-122.400869
274,Potrero Hill,2016,461504.52200000006,0,neighborhood,All Homes,57852,San Francisco,37.7604929,-122.400869
275,Presidio Heights,2011,1038974.801,0,neighborhood,All Homes,127688,San Francisco,37.7889125,-122.4538009
276,Presidio Heights,2012,1092905.902,0,neighborhood,All Homes,123665,San Francisco,37.7889125,-122.4538009
277,Presidio Heights,2013,1179676.281,0,neighborhood,All Homes,139274,San Francisco,37.7889125,-122.4538009
278,Presidio Heights,2014,1241499.113,0,neighborhood,All Homes,151423,San Francisco,37.7889125,-122.4538009
279,Presidio Heights,2015,1321622.24,0,neighborhood,All Homes,177832,San Francisco,37.7889125,-122.4538009
280,Presidio Heights,2016,1397364.253,0,neighborhood,All Homes,193510,San Francisco,37.7889125,-122.4538009
281,Russian Hill,2011,333741.9055,0,neighborhood,All Homes,44766,San Francisco,37.8010963,-122.4195558
282,Russian Hill,2012,352595.9222,0,neighborhood,All Homes,46269,San Francisco,37.8010963,-122.4195558
283,Russian Hill,2013,374482.0945,0,neighborhood,All Homes,51547,San Francisco,37.8010963,-122.4195558
284,Russian Hill,2014,397200.0119,0,neighborhood,All Homes,55759,San Francisco,37.8010963,-122.4195558
285,Russian Hill,2015,422653.2595,0,neighborhood,All Homes,65678,San Francisco,37.8010963,-122.4195558
286,Russian Hill,2016,452017.9104,0,neighborhood,All Homes,66790,San Francisco,37.8010963,-122.4195558
287,Seacliff,2011,939279.7143,0,neighborhood,All Homes,101636,San Francisco,37.785940999999994,-122.4907
288,Seacliff,2012,992049.9082,0,neighborhood,All Homes,95365,San Francisco,37.785940999999994,-122.4907
289,Seacliff,2013,1057670.331,0,neighborhood,All Homes,108971,San Francisco,37.785940999999994,-122.4907
290,Seacliff,2014,1110278.738,0,neighborhood,All Homes,118992,San Francisco,37.785940999999994,-122.4907
291,Seacliff,2015,1188811.174,0,neighborhood,All Homes,150193,San Francisco,37.785940999999994,-122.4907
292,Seacliff,2016,1265560.922,0,neighborhood,All Homes,160275,San Francisco,37.785940999999994,-122.4907
293,Silver Terrace,2011,136227.09,0,neighborhood,All Homes,30945,San Francisco,37.7332209,-122.3985871
294,Silver Terrace,2012,141235.4197,0,neighborhood,All Homes,29512,San Francisco,37.7332209,-122.3985871
295,Silver Terrace,2013,145892.1247,0,neighborhood,All Homes,31076,San Francisco,37.7332209,-122.3985871
296,Silver Terrace,2014,156108.90300000002,0,neighborhood,All Homes,36568,San Francisco,37.7332209,-122.3985871
297,Silver Terrace,2015,172165.3945,0,neighborhood,All Homes,43563,San Francisco,37.7332209,-122.3985871
298,Silver Terrace,2016,180875.1939,0,neighborhood,All Homes,46207,San Francisco,37.7332209,-122.3985871
299,South Beach,2011,746173.0264,0,neighborhood,All Homes,39710,San Francisco,37.7835826,-122.38990659999999
300,South Beach,2012,766689.3017,0,neighborhood,All Homes,41019,San Francisco,37.7835826,-122.38990659999999
301,South Beach,2013,810870.5131,0,neighborhood,All Homes,47255,San Francisco,37.7835826,-122.38990659999999
302,South Beach,2014,856342.5791,0,neighborhood,All Homes,51133,San Francisco,37.7835826,-122.38990659999999
303,South Beach,2015,881493.1295,0,neighborhood,All Homes,58609,San Francisco,37.7835826,-122.38990659999999
304,South Beach,2016,851302.5329,0,neighborhood,All Homes,57475,San Francisco,37.7835826,-122.38990659999999
305,South of Market,2011,573793.1216,0,neighborhood,All Homes,34134,San Francisco,37.7785189,-122.4056395
306,South of Market,2012,598292.0061,0,neighborhood,All Homes,37410,San Francisco,37.7785189,-122.4056395
307,South of Market,2013,635932.4941,0,neighborhood,All Homes,40589,San Francisco,37.7785189,-122.4056395
308,South of Market,2014,678027.1441,0,neighborhood,All Homes,45420,San Francisco,37.7785189,-122.4056395
309,South of Market,2015,718875.0129999998,0,neighborhood,All Homes,51266,San Francisco,37.7785189,-122.4056395
310,South of Market,2016,773699.7478,0,neighborhood,All Homes,50702,San Francisco,37.7785189,-122.4056395
311,St. Francis Wood,2011,600297.2011,0,neighborhood,All Homes,69361,San Francisco,37.7377845,-122.46512320000001
312,St. Francis Wood,2012,625627.2486,0,neighborhood,All Homes,65532,San Francisco,37.7377845,-122.46512320000001
313,St. Francis Wood,2013,646705.5291,0,neighborhood,All Homes,68816,San Francisco,37.7377845,-122.46512320000001
314,St. Francis Wood,2014,686724.7509,0,neighborhood,All Homes,72159,San Francisco,37.7377845,-122.46512320000001
315,St. Francis Wood,2015,719641.9783,0,neighborhood,All Homes,94538,San Francisco,37.7377845,-122.46512320000001
316,St. Francis Wood,2016,776783.9384,0,neighborhood,All Homes,105237,San Francisco,37.7377845,-122.46512320000001
317,Stonestown,2012,2245683.7830000003,0,neighborhood,All Homes,37921,San Francisco,37.7282649,-122.4794164
318,Stonestown,2013,2310281.205,0,neighborhood,All Homes,39094,San Francisco,37.7282649,-122.4794164
319,Stonestown,2014,1693961.09,0,neighborhood,All Homes,44954,San Francisco,37.7282649,-122.4794164
320,Stonestown,2015,1446393.825,0,neighborhood,All Homes,55618,San Francisco,37.7282649,-122.4794164
321,Stonestown,2016,1553429.621,0,neighborhood,All Homes,59743,San Francisco,37.7282649,-122.4794164
322,Sunnyside,2011,204617.599,0,neighborhood,All Homes,32209,San Francisco,37.7299104,-122.44428880000001
323,Sunnyside,2012,216828.8838,0,neighborhood,All Homes,32308,San Francisco,37.7299104,-122.44428880000001
324,Sunnyside,2013,219875.8203,0,neighborhood,All Homes,35156,San Francisco,37.7299104,-122.44428880000001
325,Sunnyside,2014,232861.3044,0,neighborhood,All Homes,39570,San Francisco,37.7299104,-122.44428880000001
326,Sunnyside,2015,254771.7558,0,neighborhood,All Homes,46798,San Francisco,37.7299104,-122.44428880000001
327,Sunnyside,2016,271672.8542,0,neighborhood,All Homes,50422,San Francisco,37.7299104,-122.44428880000001
328,Telegraph Hill,2011,442675.5015,0,neighborhood,All Homes,39437,San Francisco,37.8013407,-122.40566740000001
329,Telegraph Hill,2012,464993.8504,0,neighborhood,All Homes,42125,San Francisco,37.8013407,-122.40566740000001
330,Telegraph Hill,2013,482132.0196,0,neighborhood,All Homes,46954,San Francisco,37.8013407,-122.40566740000001
331,Telegraph Hill,2014,504693.2805,0,neighborhood,All Homes,49743,San Francisco,37.8013407,-122.40566740000001
332,Telegraph Hill,2015,530908.2741,0,neighborhood,All Homes,58743,San Francisco,37.8013407,-122.40566740000001
333,Telegraph Hill,2016,561042.4234,0,neighborhood,All Homes,57462,San Francisco,37.8013407,-122.40566740000001
334,Twin Peaks,2011,354104.12899999996,0,neighborhood,All Homes,39640,San Francisco,37.7525098,-122.4475683
335,Twin Peaks,2012,373747.27957499993,0,neighborhood,All Homes,39891,San Francisco,37.7525098,-122.4475683
336,Twin Peaks,2013,393820.550175,0,neighborhood,All Homes,41426,San Francisco,37.7525098,-122.4475683
337,Twin Peaks,2014,411122.54605,0,neighborhood,All Homes,45785,San Francisco,37.7525098,-122.4475683
338,Twin Peaks,2015,438598.024375,0,neighborhood,All Homes,54840,San Francisco,37.7525098,-122.4475683
339,Twin Peaks,2016,459596.457975,0,neighborhood,All Homes,62134,San Francisco,37.7525098,-122.4475683
340,Upper Market,2011,420726.3053,0,neighborhood,All Homes,37292,San Francisco,37.75432350000001,-122.443555
341,Upper Market,2012,452776.81145,0,neighborhood,All Homes,40576,San Francisco,37.75432350000001,-122.443555
342,Upper Market,2013,463994.77775,0,neighborhood,All Homes,42612,San Francisco,37.75432350000001,-122.443555
343,Upper Market,2014,470323.0603,0,neighborhood,All Homes,48107,San Francisco,37.75432350000001,-122.443555
344,Upper Market,2015,502571.4277,0,neighborhood,All Homes,55634,San Francisco,37.75432350000001,-122.443555
345,Upper Market,2016,535998.97135,0,neighborhood,All Homes,55207,San Francisco,37.75432350000001,-122.443555
346,Visitacion Valley,2011,145537.0093,0,neighborhood,All Homes,29865,San Francisco,37.717175399999995,-122.40425139999999
347,Visitacion Valley,2012,148580.2391,0,neighborhood,All Homes,28593,San Francisco,37.717175399999995,-122.40425139999999
348,Visitacion Valley,2013,155854.1348,0,neighborhood,All Homes,31176,San Francisco,37.717175399999995,-122.40425139999999
349,Visitacion Valley,2014,165360.8658,0,neighborhood,All Homes,34997,San Francisco,37.717175399999995,-122.40425139999999
350,Visitacion Valley,2015,175324.8459,0,neighborhood,All Homes,41458,San Francisco,37.717175399999995,-122.40425139999999
351,Visitacion Valley,2016,187287.2068,0,neighborhood,All Homes,44562,San Francisco,37.717175399999995,-122.40425139999999
352,Western Addition,2011,377315.85193333344,0,neighborhood,All Homes,34341,San Francisco,37.7822112,-122.4341781
353,Western Addition,2012,390879.8351,0,neighborhood,All Homes,37841,San Francisco,37.7822112,-122.4341781
354,Western Addition,2013,397116.48656666675,0,neighborhood,All Homes,43551,San Francisco,37.7822112,-122.4341781
355,Western Addition,2014,416479.75526666665,0,neighborhood,All Homes,47975,San Francisco,37.7822112,-122.4341781
356,Western Addition,2015,438925.6827666666,0,neighborhood,All Homes,54058,San Francisco,37.7822112,-122.4341781
357,Western Addition,2016,469037.6842,0,neighborhood,All Homes,54934,San Francisco,37.7822112,-122.4341781
358,Westwood Highlands,2011,310130.9982,0,neighborhood,All Homes,38955,San Francisco,37.7332501,-122.4566316
359,Westwood Highlands,2012,320309.2847,0,neighborhood,All Homes,38086,San Francisco,37.7332501,-122.4566316
360,Westwood Highlands,2013,329153.0037,0,neighborhood,All Homes,37890,San Francisco,37.7332501,-122.4566316
361,Westwood Highlands,2014,344339.6292,0,neighborhood,All Homes,45668,San Francisco,37.7332501,-122.4566316
362,Westwood Highlands,2015,369263.393,0,neighborhood,All Homes,56137,San Francisco,37.7332501,-122.4566316
363,Westwood Highlands,2016,386926.3173,0,neighborhood,All Homes,58110,San Francisco,37.7332501,-122.4566316
364,Westwood Park,2011,232168.2817,0,neighborhood,All Homes,33709,San Francisco,37.7261005,-122.4566316
365,Westwood Park,2012,248945.3255,0,neighborhood,All Homes,34381,San Francisco,37.7261005,-122.4566316
366,Westwood Park,2013,254389.3036,0,neighborhood,All Homes,35900,San Francisco,37.7261005,-122.4566316
367,Westwood Park,2014,272476.9565,0,neighborhood,All Homes,43402,San Francisco,37.7261005,-122.4566316
368,Westwood Park,2015,287522.1783,0,neighborhood,All Homes,50441,San Francisco,37.7261005,-122.4566316
369,Westwood Park,2016,315942.4961,0,neighborhood,All Homes,53177,San Francisco,37.7261005,-122.4566316
